{
  "train_losses": [
    0.3945276916027069,
    0.39355066418647766,
    0.3927652299404144,
    0.3916174054145813,
    0.39111203551292417,
    0.3903906583786011,
    0.38894233107566833,
    0.38904311060905455,
    0.38798112869262696,
    0.38823453783988954,
    0.3873144567012787,
    0.38728373050689696,
    0.386050146818161,
    0.38531734347343444,
    0.3847867429256439,
    0.3843669295310974,
    0.38427017331123353,
    0.383363938331604,
    0.3834861874580383,
    0.38260138630867,
    0.38246861696243284,
    0.38222732543945315,
    0.381472772359848,
    0.3812511682510376,
    0.38152045011520386,
    0.38086857795715334,
    0.38163899183273314,
    0.381232476234436,
    0.3815804660320282,
    0.38198559284210204,
    0.381155663728714,
    0.38090198040008544,
    0.38089707493782043,
    0.38156707882881163,
    0.3816303551197052,
    0.381203955411911,
    0.3813512742519379,
    0.38116737008094786,
    0.38104926943778994,
    0.3808771312236786,
    0.38160043954849243
  ],
  "val_losses": [
    0.387866348028183,
    0.387058287858963,
    0.3863295614719391,
    0.3856743276119232,
    0.38509300351142883,
    0.38454583287239075,
    0.38403093814849854,
    0.3835412263870239,
    0.3830832242965698,
    0.3826351761817932,
    0.3821987211704254,
    0.3817732632160187,
    0.38136738538742065,
    0.38097718358039856,
    0.3806132674217224,
    0.38027429580688477,
    0.3800048828125,
    0.3798181116580963,
    0.3796464204788208,
    0.3795207142829895,
    0.37945690751075745,
    0.3794763684272766,
    0.37947556376457214,
    0.37949228286743164,
    0.37957215309143066,
    0.37963929772377014,
    0.37964844703674316,
    0.37961333990097046,
    0.3796308934688568,
    0.379703164100647,
    0.3797064423561096,
    0.37970033288002014,
    0.37972283363342285,
    0.37975114583969116,
    0.37977004051208496,
    0.37978506088256836,
    0.3797874450683594,
    0.37979933619499207,
    0.379812628030777,
    0.37982890009880066,
    0.3798272907733917
  ],
  "best_val_loss": 0.37945690751075745
}