{
  "T-GCN": {
    "1": {
      "RMSE": 0.7095159888267517,
      "MAE": 0.4612322747707367,
      "Accuracy": 0.2857753038406372,
      "R2": 0.48988497257232666,
      "VAR": 0.49008268117904663
    },
    "2": {
      "RMSE": 0.7143616676330566,
      "MAE": 0.4637126922607422,
      "Accuracy": 0.28122884035110474,
      "R2": 0.48336559534072876,
      "VAR": 0.48360639810562134
    },
    "3": {
      "RMSE": 0.7177882790565491,
      "MAE": 0.46549922227859497,
      "Accuracy": 0.2780197858810425,
      "R2": 0.47873473167419434,
      "VAR": 0.47901684045791626
    },
    "4": {
      "RMSE": 0.7196991443634033,
      "MAE": 0.4664573669433594,
      "Accuracy": 0.27626144886016846,
      "R2": 0.47620004415512085,
      "VAR": 0.47654473781585693
    }
  },
  "DTC-STGCN-FD": {
    "1": {
      "RMSE": 0.9964008331298828,
      "MAE": 0.7392785549163818,
      "Accuracy": -0.0030122995376586914,
      "R2": -0.006032347679138184,
      "VAR": -0.0037336349487304688
    },
    "2": {
      "RMSE": 0.9969325661659241,
      "MAE": 0.7396067380905151,
      "Accuracy": -0.003088235855102539,
      "R2": -0.0061866044998168945,
      "VAR": -0.003963351249694824
    },
    "3": {
      "RMSE": 0.9973278641700745,
      "MAE": 0.7397440075874329,
      "Accuracy": -0.0031548738479614258,
      "R2": -0.006333589553833008,
      "VAR": -0.004187583923339844
    },
    "4": {
      "RMSE": 0.9975724220275879,
      "MAE": 0.7397236824035645,
      "Accuracy": -0.003178119659423828,
      "R2": -0.006357550621032715,
      "VAR": -0.004253506660461426
    }
  },
  "DTC-STGCN-FR": {
    "1": {
      "RMSE": 0.9966294169425964,
      "MAE": 0.7396262288093567,
      "Accuracy": -0.00324404239654541,
      "R2": -0.006493926048278809,
      "VAR": -0.0042209625244140625
    },
    "2": {
      "RMSE": 0.9969663619995117,
      "MAE": 0.7397388815879822,
      "Accuracy": -0.003123044967651367,
      "R2": -0.006254792213439941,
      "VAR": -0.004010438919067383
    },
    "3": {
      "RMSE": 0.9973136186599731,
      "MAE": 0.739890456199646,
      "Accuracy": -0.003143310546875,
      "R2": -0.0063048601150512695,
      "VAR": -0.0042046308517456055
    },
    "4": {
      "RMSE": 0.9975130558013916,
      "MAE": 0.7397196292877197,
      "Accuracy": -0.0031145811080932617,
      "R2": -0.00623774528503418,
      "VAR": -0.004183292388916016
    }
  },
  "HA": {
    "1": {
      "RMSE": 0.6091321110725403,
      "MAE": 0.3658205270767212,
      "Accuracy": 0.3417086601257324,
      "R2": 0.5646871328353882,
      "VAR": 0.5647101402282715
    },
    "2": {
      "RMSE": 0.6084752678871155,
      "MAE": 0.3653562664985657,
      "Accuracy": 0.3427121043205261,
      "R2": 0.5660622119903564,
      "VAR": 0.5660778284072876
    },
    "3": {
      "RMSE": 0.6077337861061096,
      "MAE": 0.3647668957710266,
      "Accuracy": 0.34370559453964233,
      "R2": 0.5674293041229248,
      "VAR": 0.567438006401062
    },
    "4": {
      "RMSE": 0.6069807410240173,
      "MAE": 0.3641318380832672,
      "Accuracy": 0.34466540813446045,
      "R2": 0.5687176585197449,
      "VAR": 0.5687239170074463
    }
  },
  "SVR": {
    "1": {
      "RMSE": 0.9255630763087731,
      "MAE": 0.7062107864544166,
      "Accuracy": -0.0002637937710774363,
      "R2": -0.00505656475672267,
      "VAR": -0.000714542339786961
    },
    "2": {
      "RMSE": 0.9259740547758042,
      "MAE": 0.7064513250770699,
      "Accuracy": -0.000264879645659688,
      "R2": -0.004937968168611695,
      "VAR": -0.0007114413733035896
    },
    "3": {
      "RMSE": 0.9262442349001575,
      "MAE": 0.7065072519217939,
      "Accuracy": -0.00027063462930865256,
      "R2": -0.004804151399559808,
      "VAR": -0.0007081592241322543
    },
    "4": {
      "RMSE": 0.9264487304247151,
      "MAE": 0.7064503797650846,
      "Accuracy": -0.00027520583077111915,
      "R2": -0.004742254158375925,
      "VAR": -0.0007065233191025921
    }
  },
  "GRU": {
    "1": {
      "RMSE": 0.5894486308097839,
      "MAE": 0.3701040744781494,
      "Accuracy": 0.40663957595825195,
      "R2": 0.647924542427063,
      "VAR": 0.6479969024658203
    },
    "2": {
      "RMSE": 0.5909517407417297,
      "MAE": 0.3702075779438019,
      "Accuracy": 0.40540051460266113,
      "R2": 0.6464499235153198,
      "VAR": 0.6465039253234863
    },
    "3": {
      "RMSE": 0.5913731455802917,
      "MAE": 0.3691287338733673,
      "Accuracy": 0.4051738977432251,
      "R2": 0.646174430847168,
      "VAR": 0.6462116241455078
    },
    "4": {
      "RMSE": 0.5912583470344543,
      "MAE": 0.36753493547439575,
      "Accuracy": 0.4054240584373474,
      "R2": 0.646476686000824,
      "VAR": 0.6465052366256714
    }
  }
}