matrix,mean,std,max,min,high_corr_pairs
pearson,0.2798824906349182,0.5883826613426208,1.0,-0.47058531641960144,43316
dynamic,0.0005394363543018699,0.006349056959152222,0.319065123796463,0.0,0
spatial,0.9974755048751831,0.00258607417345047,1.0,0.9845221042633057,122760
