{
  "train_losses": [
    0.38371657729148867,
    0.36582842469215393,
    0.3408901631832123,
    0.31886800527572634,
    0.3046508491039276,
    0.29292512536048887,
    0.2836887836456299,
    0.2757315576076508,
    0.26830143928527833,
    0.26227688789367676,
    0.25699365735054014,
    0.25133877992630005,
    0.2468993991613388,
    0.24209513068199157,
    0.23788800239562988,
    0.23296118378639222,
    0.22849074900150299,
    0.22552765011787415,
    0.22218406498432158,
    0.21915494203567504,
    0.21733362078666688,
    0.21505427062511445,
    0.213834747672081,
    0.21144724488258362,
    0.21003033518791198,
    0.2091364562511444,
    0.2077318847179413,
    0.2066798150539398,
    0.20653433799743653,
    0.2054808109998703,
    0.2042762190103531,
    0.20330577492713928,
    0.2023781031370163,
    0.20217446386814117,
    0.20143847167491913,
    0.20038640797138213,
    0.19954570829868318,
    0.1990784913301468,
    0.19790834784507752,
    0.19726341366767883,
    0.1966797888278961,
    0.19621483087539673,
    0.19563741385936737,
    0.19556147158145903,
    0.19479847550392151,
    0.19450720846652986,
    0.19409413039684295,
    0.19401512145996094,
    0.19318857192993164,
    0.19265328347682953
  ],
  "val_losses": [
    0.3717690408229828,
    0.3518580198287964,
    0.3262954652309418,
    0.3090381920337677,
    0.29748931527137756,
    0.2881363332271576,
    0.2792224884033203,
    0.27314117550849915,
    0.26610279083251953,
    0.26059481501579285,
    0.25670963525772095,
    0.2525603175163269,
    0.2473263293504715,
    0.24308088421821594,
    0.2376442551612854,
    0.23174287378787994,
    0.23022396862506866,
    0.22601836919784546,
    0.22282259166240692,
    0.21977265179157257,
    0.21998107433319092,
    0.21861617267131805,
    0.21797458827495575,
    0.2163619101047516,
    0.2164546400308609,
    0.21511398255825043,
    0.21226555109024048,
    0.21000142395496368,
    0.2091909795999527,
    0.2147836536169052,
    0.21360111236572266,
    0.20729930698871613,
    0.20730724930763245,
    0.21232660114765167,
    0.21018823981285095,
    0.20596860349178314,
    0.20619741082191467,
    0.2062806338071823,
    0.20723707973957062,
    0.20663875341415405,
    0.2047753930091858,
    0.20497135818004608,
    0.20407205820083618,
    0.20439790189266205,
    0.2036498785018921,
    0.20522525906562805,
    0.20437116920948029,
    0.20408950746059418,
    0.2022879272699356,
    0.2017325758934021
  ],
  "best_val_loss": 0.2017325758934021,
  "total_epochs": 50
}