{
  "train_losses": [
    0.38610277883708477,
    0.3830877672880888,
    0.38046842627227306,
    0.37872541323304176,
    0.3776808325201273,
    0.377202782779932,
    0.37739988416433334,
    0.3772215209901333,
    0.3773042242974043,
    0.37727178633213043,
    0.37732548639178276,
    0.3772806618362665,
    0.3771783225238323,
    0.3771139085292816,
    0.3773244582116604,
    0.3771995101124048,
    0.3773069251328707,
    0.37716350704431534,
    0.3771058041602373,
    0.3771484661847353,
    0.3771461322903633,
    0.3772338852286339,
    0.3773324079811573,
    0.3773206379264593,
    0.3772091642022133,
    0.3773064874112606,
    0.3771093599498272,
    0.3773013260215521,
    0.3772588986903429,
    0.377365306019783,
    0.3773818165063858,
    0.37735513411462307,
    0.37728952430188656,
    0.3770863637328148,
    0.37725968658924103,
    0.37725717201828957,
    0.37731621228158474,
    0.3772667124867439,
    0.3771916050463915,
    0.37722728587687016,
    0.377102579921484,
    0.3771808184683323,
    0.3773926720023155,
    0.3773068804293871,
    0.3773011062294245,
    0.3773947935551405,
    0.3770928103476763,
    0.37723458372056484
  ],
  "val_losses": [
    0.3988405242562294,
    0.3959551155567169,
    0.3937699869275093,
    0.39226844906806946,
    0.3915149047970772,
    0.39132925122976303,
    0.39132755994796753,
    0.3913251683115959,
    0.3913208469748497,
    0.39133109897375107,
    0.3913303464651108,
    0.39132703840732574,
    0.3913246914744377,
    0.39131443947553635,
    0.3913337364792824,
    0.39131951332092285,
    0.39132974296808243,
    0.39132001250982285,
    0.3913215696811676,
    0.3913240432739258,
    0.39132387936115265,
    0.39132077991962433,
    0.39132165908813477,
    0.39132172614336014,
    0.3913218826055527,
    0.3913223445415497,
    0.39131686836481094,
    0.3913137763738632,
    0.3913200572133064,
    0.39132537692785263,
    0.3913196846842766,
    0.39131905138492584,
    0.39132067561149597,
    0.39131511002779007,
    0.39131905883550644,
    0.39132438600063324,
    0.39131898432970047,
    0.39132239669561386,
    0.39131705462932587,
    0.39131899178028107,
    0.3913164809346199,
    0.3913184702396393,
    0.391319677233696,
    0.3913208618760109,
    0.39132074266672134,
    0.39131680876016617,
    0.3913164734840393,
    0.39131757616996765
  ],
  "best_val_loss": 0.3913137763738632
}